income,debt,payment_history,num_accounts,employment_status,credit_score,target
57450.71229516849,24795.48805610201,0.4071064891256276,7,1,526,0
47926.03548243223,21472.43578038938,0.0660098441402415,5,0,743,0
59715.32807151039,15417.41258944122,0.3488205339694793,6,1,741,0
72845.44784612038,10471.442556060982,0.1109980987913148,8,0,695,0
46487.69937914996,19887.56319529513,0.8082352100092222,8,0,383,0
46487.945645762295,17754.39769795225,0.9476880259644708,3,1,850,1
73688.19223261088,21266.35254019413,0.0723164752579386,7,0,312,0
61511.52093729363,19446.202611773788,0.9551152072917014,1,1,792,1
42957.88421097572,22346.869007235346,0.5225765993367452,1,0,567,0
58138.40065378947,11253.353519076025,0.2995656779538739,7,1,824,0
43048.734607813065,24221.75845944028,0.0768620752761635,9,1,419,0
43014.05369644615,16383.197232846798,0.5006242680704178,7,1,652,1
53629.43407349051,29526.82610837686,0.7945155444907487,5,1,356,0
21300.79633013303,10175.685273373025,0.7070864772666982,8,0,339,0
24126.23251230451,27151.746622156745,0.0502260114639737,2,1,635,0
41565.68706138541,16385.375484238535,0.0729018353679035,9,0,472,0
34807.53319498364,10440.073974698862,0.4028732826326371,6,1,846,0
54713.70998892911,11612.799161619749,0.2952904940479433,9,1,558,0
36379.63886718184,12757.56884263976,0.2323843230560478,2,1,816,0
28815.44447997063,17969.161624813416,0.2810044989087136,3,0,822,0
71984.7315338233,18659.848416248497,0.8034827432968846,8,1,416,0
46613.355492701965,10984.099972429947,0.929228053631854,1,0,483,0
51012.92307031886,14829.51785417312,0.4051026945275664,7,1,415,0
28628.77720679815,29995.892510283047,0.9061110021324972,7,1,461,0
41834.25913212226,27092.802190704977,0.3214957012478819,1,1,842,0
51663.83884564799,18054.265687718223,0.4764369863437916,9,0,536,0
32735.09633866546,15266.024347177405,0.2260289978159997,8,0,365,0
55635.47027518508,15840.219287027829,0.640476042175844,4,1,369,0
40990.419651217926,19294.62580911292,0.9789811151748088,5,0,746,1
45624.593753100846,7840.452043611161,0.6034930960433786,2,0,715,1
40974.40081655905,13198.364238036584,0.3578140841135488,9,1,831,0
77784.17276763407,3319.9114828568745,0.6478174459905284,6,0,740,1
49797.541628930994,17794.561858236953,0.1229206784653875,3,0,763,0
34134.3360656615,19530.371577919188,0.8886590802653986,7,1,695,1
62338.17368154784,11617.694763904385,0.5030839507798364,9,1,850,1
31687.345250434668,26017.90734303023,0.449349742039642,3,0,694,0
53132.95392507133,6419.640358983612,0.5858647884535192,2,0,625,0
20604.948141803365,4749.375838531259,0.6247838627894025,7,1,390,0
30077.209266523543,16571.162729919804,0.071775806226513,7,0,369,0
52952.91853803685,22329.68811828508,0.6826172212234024,4,1,465,0
61076.99869993116,26787.493840205083,0.2419316803155295,9,0,513,0
52570.524217849554,11787.81015991742,0.7139526325065898,8,1,634,0
48265.27576417639,22550.76583401907,0.8225347943841967,1,1,668,1
45483.444566160666,14730.440713495049,0.8039585075525203,1,1,348,0
27822.17014448859,13791.608900414263,0.5525009674078891,5,1,351,0
39202.33687407937,21185.619562406708,0.5201698923107512,6,1,588,0
43090.41843560319,19566.260148893936,0.1428759613394117,3,0,538,0
65856.83339328374,3965.254901110255,0.7753461504031356,9,0,432,0
55154.27434352692,25335.78244808127,0.2714093804467143,6,1,465,0
23554.39766955899,24660.63947903216,0.4966954228179465,4,0,673,0
54861.25954092192,10621.061089433291,0.2842740929275167,7,0,672,0
44223.76579375525,17770.624734061865,0.1338283629996931,8,1,777,0
39846.169995410615,18458.211303979173,0.6295576968917366,9,1,778,1
59175.14433261302,16824.71636076735,0.0543320348229038,6,1,599,0
65464.99283743926,11147.86392308206,0.7486452341262,6,1,381,0
63969.20178674298,10298.63642443364,0.3175867952611166,8,1,386,0
37411.73715166042,14821.121503059883,0.0001346930044853,5,0,524,0
45361.81436223178,23209.103134815552,0.5111291392372298,3,1,315,0
54968.95147105346,18805.201082161027,0.0468519085276031,3,0,657,0
64633.17690683539,12405.699675397258,0.2761695578208994,6,1,462,0
42812.38643232065,20401.89097453841,0.7069764874557162,2,1,813,1
47215.115350042746,0.0,0.0626896216218658,6,1,649,0
33404.97538990958,23041.359902604723,0.8393384923560023,6,1,763,1
32056.90063878994,2822.0035485533026,0.0038199226585831,8,0,674,0
62187.88733591297,12462.913410178076,0.2468238692019022,7,1,391,0
70343.60042856235,7162.310737616993,0.7409040561520714,8,1,480,0
48919.848176295,5937.22966995366,0.3162701497293068,9,1,600,0
65052.99346838036,23125.78751164964,0.1018923880660135,6,1,488,0
55424.54037571451,11726.09159081676,0.3602339188004279,3,1,613,0
40323.203680923136,17425.52717211501,0.2703932863845255,3,0,792,0
55420.934082626205,14671.55594784571,0.8427119021605549,1,0,427,0
73070.54849698953,18339.28579056185,0.3133479175851431,5,1,818,0
49462.60941335073,15537.753237421788,0.7889324717760072,4,1,725,1
73469.6548372101,6019.054430680013,0.8918721448107347,9,1,486,0
10703.823438653832,21973.867736129974,0.4338174195765295,9,1,849,0
62328.53756562836,11543.703917870813,0.909943143854392,5,1,752,1
51305.706023572566,4103.926709381743,0.3773180539631928,4,1,770,0
45514.88974301199,12003.193873238612,0.9640784164901082,7,1,523,0
51376.41164803253,25505.31853444017,0.0892895245255729,6,0,453,0
20186.46628098661,20951.55219479445,0.6870192665032427,4,1,650,0
46704.92168243732,12559.435059144986,0.4938140404569286,2,0,446,0
55356.6885726762,12555.196069770998,0.387648805455647,1,0,648,0
72168.41067112274,12748.554641478322,0.6327118787486009,4,1,481,0
42225.94672589529,29537.23588492589,0.7038570916343312,4,1,478,0
37872.595956602185,17673.548165620872,0.004363269650309,1,0,338,0
42473.64434623195,18010.291530337487,0.1669530887471987,6,0,302,0
63731.03176553111,22211.98417822289,0.7130460506343187,4,0,363,0
54931.26664489527,16671.524113185595,0.6663854135782065,1,1,328,0
42053.59694349442,13186.70497925508,0.9660475051286772,1,0,671,1
57699.01149670034,13625.551056405153,0.761037790250783,1,0,822,1
51456.16324022061,14498.791184101552,0.950772707731338,8,1,396,0
64529.67485799333,14739.44434443111,0.702540501534807,8,1,741,1
39469.20359183972,20093.406805458857,0.2980522086394431,2,1,502,0
45085.067801033474,15363.621200651096,0.1053649222508564,7,0,710,0
44118.37770301764,20128.480540509056,0.7818238633449356,8,1,320,0
28047.275778018226,14434.983939239924,0.6441492214759159,8,1,850,1
54441.80415596864,15550.446332212634,0.0481860123932962,7,1,401,0
53915.82908269834,1012.5952082752464,0.3600504659009783,5,1,345,0
50076.70184963691,21414.29372291737,0.9567998154842862,1,1,365,0
46481.1929993728,17425.41933128595,0.5004011457102012,9,0,463,0
28769.438869243782,21986.07076901757,0.4327291360197046,7,1,410,0
43690.320158519615,0.0,0.457699605159294,2,1,637,0
44859.282252098456,29618.622933465093,0.2088827240051637,6,1,422,0
37965.84096167571,14022.872602913783,0.3687071708647952,2,0,746,0
47580.71432500986,22757.27971716261,0.3698132559871766,1,0,590,0
56060.76285221808,7720.658510121284,0.0523550201874724,7,1,711,0
78292.78851815795,19289.41733543799,0.7675676285179183,2,0,580,0
52618.66719247759,7626.091057784407,0.416504431903879,2,0,342,0
53863.25586084147,10633.617275129363,0.8221798868164233,5,1,785,1
48883.31126350749,28398.219477067505,0.8503480011198954,5,1,350,0
21218.431770514377,13665.223194656572,0.211994054698658,7,1,509,0
49602.29186826175,16522.03011225806,0.6573534821701286,1,1,425,0
50903.4531491154,21090.47411482128,0.4722818041629817,8,1,791,0
86948.6316872793,18469.773215808236,0.8801567379214851,3,0,808,1
47114.58552828316,16052.932336005037,0.2157406791764541,4,0,557,0
54523.210135004185,17554.727017263576,0.6778132003100442,9,1,487,0
49479.32345442135,31823.909096667925,0.6077521222527226,4,1,529,0
32469.82943570702,14596.6684207649,0.2953014775718328,5,1,488,0
67142.34221772531,16407.693327004774,0.1366009036511726,7,0,714,0
61278.99549030161,22354.580772053283,0.6516397604772766,4,1,309,0
61865.47920564571,22738.68153070589,0.7385974581323307,1,1,413,0
36359.18817807891,23309.21213892266,0.31562734376335,9,1,375,0
71041.91466404148,19471.111554204293,0.6448326040223138,4,1,801,1
28972.234058115788,6998.965610886615,0.3951309076115032,9,1,384,0
58802.85640700405,26434.020726107672,0.7132068832826177,6,1,348,0
82856.83438714968,6975.582248869184,0.1992152748940531,1,1,794,0
35141.95512303968,17118.448256673233,0.8902150026361744,3,0,686,1
41505.53405595842,9720.069049864494,0.2874095964655797,2,1,688,0
51494.77047631462,14551.031573849052,0.3677859877561529,9,1,517,0
42447.86518825701,17301.336872124364,0.0580919520803497,1,0,645,0
26740.04853400801,17249.500508151912,0.1115122123212764,9,1,529,0
51028.44462209041,17953.445279646992,0.5158619027123281,9,1,554,0
34065.44429410843,26295.978883410527,0.2675926767279715,8,0,535,0
57103.88645952773,18174.740110597857,0.8354802257421944,8,1,325,0
36208.63648649295,13290.90355296546,0.0146933886549538,1,0,560,0
73249.01607526309,21748.6101780185,0.3790940486719362,8,1,570,0
38251.20061495644,23326.29342247248,0.3373455467690927,3,1,422,0
45169.07725691487,6406.745294041053,0.019327630917601,7,1,556,0
62202.75826054504,19181.800488949008,0.1243683990005102,1,1,720,0
31537.03525349067,19908.20919617629,0.4136426749186352,1,1,558,0
53411.89901906194,12917.055476480056,0.4928645844474466,5,1,346,0
69607.14131423642,24629.947693181337,0.4042897472548691,5,0,824,0
25887.75148158159,13949.610890772314,0.5309376784120938,8,1,507,0
52769.50787798456,15879.035174300796,0.5951316749056815,7,0,610,0
53898.24191372635,13788.497230012912,0.0099238211278356,8,1,448,0
61727.34307665966,15109.053333070273,0.4640951594535039,6,1,737,0
31445.73933682877,7326.074391733588,0.9634992408875884,6,0,454,0
30193.15080373585,4919.64382183994,0.5190322801295487,2,1,389,0
57829.12348425346,26161.535442574805,0.6775422674589532,6,0,657,1
54454.77009849779,9071.270561771706,0.3118638579168832,5,0,473,0
53757.39275518815,8060.25355380585,0.7739913781527625,3,1,516,0
55196.72314245463,0.0,0.7729214818761151,6,0,755,1
39799.62917632264,10527.267766173483,0.521296047654139,8,0,498,0
53483.80545741505,5738.371446147512,0.9760138232792136,9,0,785,1
54396.08709948022,26494.106120954584,0.1255502147626533,1,1,832,0
39284.72872960448,22068.71962539844,0.0169476648895809,3,0,499,0
77986.61766717135,10182.947583755931,0.770158211757096,3,1,670,1
57107.49381367681,30767.05063741016,0.8071555373648825,8,0,747,1
32130.44754196027,21872.35840894116,0.1202072291205762,1,1,547,0
59848.30412950744,12726.180315439644,0.2655828329586061,5,1,563,0
35379.77494659018,0.0,0.0175523633666289,3,0,357,0
61806.26905613678,31036.59800813519,0.2933086107805647,2,1,601,0
67378.93368511106,5272.992732654828,0.7731418739186715,8,1,330,0
37689.76522472434,3482.208771301757,0.5179605277125789,3,1,797,1
64450.64193866483,22157.99302406748,0.3480955931682881,7,1,548,0
56191.71390404747,32078.26684437491,0.3717392949063303,1,0,570,0
62330.90239991735,24689.90972957363,0.0013536257154681,6,1,693,0
78451.89473980921,18947.36384036652,0.2998005275652359,3,1,801,0
46319.17825995694,19163.280391657,0.6464587416379305,8,1,383,0
38693.95753463766,20973.908911462157,0.9741944438163572,6,1,664,1
36657.28355561715,20312.50012850736,0.8470608269838995,2,1,848,1
37762.845725518426,16968.33996778563,0.0235949646455291,6,1,641,0
48843.47435878844,15729.407727663132,0.8985606046748393,7,0,706,1
55117.27962224965,14561.848104703344,0.7831984132986259,5,0,724,1
54150.36198995029,9722.247877933269,0.7803761235709804,3,0,392,0
62407.74873554036,13035.274461932582,0.4579957590035715,4,1,711,0
50195.02837816861,3149.302300632302,0.3980052929545028,4,1,731,0
71803.01115735975,14311.622612436751,0.3029157288331926,6,1,458,0
46030.147501430656,8079.862249943578,0.0656948589543657,1,1,313,0
90802.53749884428,7274.8747794896035,0.2282353634936991,4,1,672,0
59385.01021647509,16259.259058074347,0.2466036349780246,4,1,524,0
37142.63665375576,24744.016004412195,0.4840770697102016,1,1,804,0
33936.612529083315,21428.21624201619,0.747444406596694,9,1,372,0
57237.08622864778,4006.49577463776,0.4738098283979466,4,1,548,0
46648.05822011224,8072.603044007637,0.0578444494471606,7,1,810,0
60710.007411381375,21585.39831591751,0.957789800988204,3,1,515,0
57098.56436860317,8122.588245231833,0.9427243190941124,3,1,840,1
48907.56631014691,13427.567950020828,0.7851895431484084,8,1,519,0
37298.094228973925,18850.36469317186,0.9913279015642206,8,1,520,0
27277.291629712032,8221.588815954554,0.5444823328002629,1,1,688,1
43302.275718994686,15737.62854302172,0.962768350253206,2,0,341,0
62845.98191485208,5661.82153557257,0.0756050406167507,8,1,582,0
53211.40616195306,10790.426492341505,0.3656807482613713,1,0,357,0
31313.91831932018,17238.473538997758,0.2253812680067658,8,1,836,0
52597.71388776773,3849.043865278314,0.19583308413427,8,1,372,0
55779.76069593255,18083.32316572279,0.140802948892676,2,1,428,0
36742.13845698301,14862.53540751323,0.6224136415659967,4,0,725,1
52305.87658918292,18867.429680920035,0.7813218557473051,6,1,424,0
50873.13077669,16567.39893845263,0.5782983994203607,9,1,366,0
32855.44553254065,24548.98300981691,0.1469627095882096,8,0,305,0
55366.81040522425,15876.571518535353,0.8111237699334709,8,1,613,0
58411.76789552352,11994.161212123228,0.6359547071637285,7,1,625,0
66245.76864762916,15856.082521225986,0.3881657061269955,9,1,805,0
65807.03078052355,18803.08620325472,0.674130295536063,2,0,381,0
29334.959480643636,15342.020492279931,0.2599049792428328,3,1,301,0
35932.62440127316,15284.141838427176,0.3451922084942105,8,1,503,0
57725.529008129895,10086.058185352713,0.9174858431319902,6,1,703,1
57706.78926368313,10359.693577143364,0.2905045056714204,9,1,402,0
57725.71529459072,5181.763097402145,0.4699882681579366,4,0,835,0
107790.97235982082,27247.037202308573,0.8901411373960146,8,0,667,1
58563.35766039751,6292.957352261004,0.7077213502675275,3,0,511,0
67033.48460270898,10149.66361542865,0.0622032261647027,3,1,508,0
64310.02645239804,9971.149141015618,0.1473030442789703,8,0,416,0
59770.868769586974,21264.47063861109,0.0078415907719168,5,0,777,0
45270.96133039481,12935.352251955806,0.6309217902291634,3,1,404,0
61384.53830739901,23734.194508716137,0.4476734254104183,1,0,794,0
38407.621781936425,10285.56563029292,0.1342748509022755,3,0,345,0
46447.72089889987,16952.959135566613,0.9579341210567704,9,1,630,0
42719.54678256345,9152.5706271817,0.5296597239456199,5,0,515,0
51228.11209079484,30016.04389441372,0.2418932941128891,2,1,791,0
84719.87850010264,6686.811066793411,0.5006035711547075,7,1,748,1
21991.02211112378,17168.744971589193,0.6796203327351078,2,1,835,1
60293.9028556177,19436.43816652469,0.0762392179735644,4,1,810,0
25809.261932155227,17896.59368216049,0.274703815047892,7,1,757,0
42921.0220131585,13702.986387856045,0.8069654908839936,4,1,846,1
66334.25895451049,14091.255101866016,0.4596648704026612,7,1,835,0
50964.20028643194,15306.680303853767,0.5465771420322949,7,1,839,1
33833.82833106041,13970.98598860058,0.4328160022094692,1,1,783,0
39270.44436110048,21747.153817564365,0.0438999426430051,6,1,315,0
60193.96623402014,30473.66101113946,0.1657497798201559,9,1,542,0
39044.50052424295,11097.557504945164,0.4455416387418909,2,0,506,0
53246.87884372962,5411.379142946455,0.2091854654079278,3,0,570,0
50683.5775985572,14382.025661541216,0.0499790286596787,5,0,414,0
40225.99478591274,33057.96536358023,0.8436496640518237,9,1,598,0
82159.16133987988,9374.278024211884,0.9811925291641158,4,1,782,1
59508.78533477017,26473.81763810847,0.7931428739967394,1,1,696,1
19622.86120013589,26743.905698535084,0.853784921704667,4,1,693,1
52796.81472154141,11124.882308044038,0.2419771303170453,6,1,374,0
40073.20302847418,18982.881554296928,0.9606269755131998,5,0,781,1
62786.50002194336,26398.776361899767,0.1969257044534283,1,0,402,0
38112.188923509486,12346.10581308759,0.9514298103618324,4,1,596,0
48278.95337799651,13574.937479283468,0.994819293965951,6,1,477,0
57574.80918470686,10928.233602359494,0.7117228057460487,4,1,514,0
62986.327912551824,7896.702885149932,0.981143731791822,9,1,614,0
31995.55389416336,10455.057184537947,0.5695397795671037,5,0,338,0
44982.481462385775,6432.418132664205,0.2595417831760903,8,1,558,0
42875.82033258566,15238.584277814582,0.4369958856656208,9,1,306,0
40200.06151139432,9610.187382589507,0.593560935378786,5,0,348,0
76481.81360421646,16636.501382535233,0.0730815620270149,6,1,837,0
56074.725664414334,4108.7304765746085,0.6223432646172461,1,1,460,0
31086.740684974324,17316.161625501198,0.9811778367622944,7,1,475,0
63767.92920582164,20834.70273126247,0.1901076497837276,4,1,301,0
81832.3429551895,1043.850501999812,0.7925951162883833,2,1,754,1
65486.97890826721,17618.395988933004,0.9078987937796194,5,0,575,0
27209.4505106898,23593.68294731305,0.9437015928202208,3,1,797,1
42736.48890700623,6532.512869161563,0.9601356044054472,6,1,327,0
69003.66723779934,26708.00670786393,0.5214596387214719,8,0,632,0
39384.958015718286,17933.133065562317,0.9773079079915036,7,0,300,0
56657.29142219343,10064.917009691138,0.7573102071344389,3,1,487,0
61619.51080144005,14609.616456396056,0.1616714362369619,8,1,355,0
36096.04292632875,18908.288387652057,0.47690010646797,2,0,846,0
49107.119659073,15532.03773988688,0.718331175372004,9,1,411,0
10000.0,18771.291947124584,0.2473403158190833,4,1,609,0
34634.185379985654,8555.284848444437,0.6406151835488874,1,0,335,0
46211.4777291026,16185.525768252546,0.6666004790466192,8,0,738,1
31283.252270527257,5103.9985216651385,0.1626997438085659,7,1,624,0
74486.16955897454,14221.417570559095,0.5650853124527563,5,0,606,0
28547.87933059051,8672.646509746472,0.7716269109786077,5,1,833,1
43399.332699545244,9851.290401871634,0.4988956645359419,7,0,408,0
51961.10865929137,23652.65222647306,0.0121031167761074,5,1,671,0
71619.09933599173,22639.17084415988,0.0090384690792921,8,1,656,0
28462.06773230841,19263.96684635024,0.3570293439700122,6,1,480,0
67447.45628232439,7353.810647291947,0.926194068431782,5,1,655,1
50153.4959152938,12785.140852136386,0.2286767796036087,9,1,367,0
35277.37023428074,23491.683899854284,0.6343636888716871,2,1,591,0
56931.55211394906,15992.018395479334,0.2220758706933205,1,1,480,0
52985.89543360205,31235.306779871866,0.3216699896595486,8,0,765,0
40996.74684261808,17753.224875760603,0.848042089601484,3,1,733,1
51047.03127485029,16344.34381543022,0.7288614422699469,7,0,763,1
44220.2960470736,12836.18475058249,0.0953992773132106,8,1,833,0
51702.76017876872,15934.786333475977,0.4287020209864336,6,1,365,0
59931.9601178157,13932.711145336192,0.0291697636452644,9,1,320,0
73790.25224218029,19956.76073682013,0.480890146603009,7,0,683,0
31432.767517597265,21696.916217562088,0.6624340117010681,5,1,338,0
81995.500619844,9498.073776444357,0.1185026235981515,8,1,584,0
20718.68300716247,5681.369325095553,0.2888849389091656,2,1,635,0
47723.22357446625,2146.5623882769232,0.3978366255021569,7,1,487,0
58824.75809726865,18555.939288387806,0.9195310246560496,4,0,542,0
54214.87801602549,7276.433756782884,0.993255015422964,9,1,372,0
40659.50720269109,0.0,0.0449112989956158,1,1,778,0
46878.16624464087,17720.05023171675,0.761007923495392,7,1,400,0
42604.985980117504,32450.996622029536,0.3717240664023432,6,1,813,0
41159.52864583683,14957.503619220746,0.39245818622948,8,0,475,0
62744.03145531537,20869.43542116149,0.7542649733470227,5,0,537,0
55355.23228947571,15572.805509832957,0.9184264321454086,1,1,358,0
39606.35607109019,14307.772427662,0.9509285945025484,1,0,398,0
63493.99813149876,21433.535380914374,0.5771225860383208,9,1,794,1
54609.49281314914,12968.07819067944,0.3571211593005028,6,1,813,0
62192.931782584405,16871.746198503322,0.7875490858587793,5,0,596,0
59444.432628854185,17251.884643372097,0.2510013832623002,1,1,510,0
37565.07483616892,10323.366824498658,0.5640740288335178,6,0,422,0
41597.284397045456,21944.29644675566,0.3585784615248731,6,1,528,0
61209.40407684893,13775.28170313214,0.6566310737078761,3,0,687,1
59155.55398150197,9709.783883550088,0.2403989128935069,8,0,439,0
49686.47609053778,18755.568904992822,0.1915929457348257,1,1,840,0
51759.91074963173,8710.72412746274,0.9182390866754372,1,1,690,1
69164.97343682637,15197.268101583895,0.1018036829495369,6,1,569,0
41126.42916746255,14936.167023490576,0.5059579077349317,1,1,311,0
58206.460717550566,22601.26896082105,0.2208527829630089,6,1,688,0
46967.11021349159,18322.88763015967,0.0389299633256674,1,1,636,0
46734.78195159169,14824.811288783992,0.0360188182914263,6,1,805,0
66481.65277980786,20724.364094402008,0.1752217721058273,3,1,405,0
62381.245234820446,24731.452843121195,0.8667703545060003,8,1,331,0
62202.644540009576,18904.672144463035,0.2824787439770266,6,1,373,0
69582.18210731493,15072.468338903664,0.9504591705752956,1,1,470,0
50315.05762449138,5817.146373548883,0.5816222929891935,5,1,368,0
60229.294569424455,7544.204358472391,0.4366141897687661,8,1,661,0
45345.99865109816,12863.427069517324,0.5800888346694546,3,1,732,1
54862.49528732663,10733.414584885017,0.5166983852262678,6,1,399,0
48047.85418448473,13691.200879101878,0.7587762537573252,5,0,308,0
51454.93947489077,15396.549474279753,0.2824960659728522,6,1,328,0
58927.3553815537,18707.84928049712,0.3530503916003024,1,0,413,0
37726.68975149792,14506.508553586362,0.8940943025332507,7,1,761,1
81385.8091352819,18405.51150678341,0.9464565131504056,9,0,442,0
34909.73927750447,15451.32090367084,0.8925582274864745,2,1,689,1
31787.17080818402,1171.7340355229007,0.4194479939573136,5,0,456,0
67371.66310250101,8424.65224326872,0.7803655030068817,4,0,634,0
61874.94040944404,13991.387109948691,0.4763357333010988,6,1,559,0
59361.79725578232,6532.136800112246,0.4975398521461022,6,1,381,0
59425.1826389642,19199.501109973437,0.2046801090572839,2,0,740,0
49816.29840729628,25715.255826405883,0.5911303032585165,2,1,471,0
36541.18442771253,23531.332961881217,0.1861358977533479,4,1,530,0
51137.068372905895,13505.899903488544,0.3315646990671937,1,0,374,0
39842.574327318325,25435.082957949664,0.8550302016199351,9,0,569,0
64626.796001266266,16040.67220041478,0.2070758092108552,7,1,361,0
47794.13927746792,12640.398202173725,0.0711582851734328,7,1,619,0
37617.54204811233,10706.181355213424,0.0690075926128163,3,0,401,0
45179.2123752051,12882.712194583102,0.940784520503108,3,1,728,1
56193.97181413436,12282.7622702114,0.5069204379618346,1,1,554,0
41544.13170794038,16192.913556628411,0.4094120718170183,3,1,831,0
37666.69406650353,16124.017867349052,0.8108785810079184,3,1,411,0
53655.30817237868,15021.3221410739,0.835825927910516,4,1,612,0
53674.49856663084,18058.56718822445,0.3321910331156046,4,1,760,0
42395.85236943305,23334.523923504392,0.6936180574737952,3,1,761,1
42934.42541572516,21646.878948089263,0.7711228158518866,8,1,391,0
53480.74906036454,4605.714220850676,0.6546506868659545,8,1,351,0
28278.734877540137,0.0,0.1515950748000993,1,1,819,0
28888.043384351677,21540.23937867492,0.875883083517057,7,0,397,0
39223.33668121346,5431.849111092053,0.5390945527360087,2,1,535,0
46798.292724322295,13426.642186751214,0.2824724263700037,1,1,673,0
54663.61348397007,6809.208817584484,0.4252281854376939,3,1,533,0
72130.34325424329,2386.1369369398617,0.0375710903989073,4,1,331,0
62864.89434803029,18790.23909743352,0.1278668012224175,6,1,588,0
47600.922050548594,20314.08612211853,0.7655467505158609,5,0,841,1
49714.75688145967,10964.427194912963,1.1634755366141114e-05,4,1,413,0
34962.05953043287,0.0,0.4165658284822922,8,1,503,0
49722.30296011415,11176.28886223262,0.5225101810855884,4,0,328,0
45670.120416197926,17742.628037817827,0.0546344200009722,2,0,773,0
54840.77840507135,4647.619018581099,0.9730781629723328,3,1,552,0
37591.53584671515,16283.51943845409,0.2261253312496719,6,0,685,0
57790.19771361759,14892.83105578903,0.3041987196362808,8,0,361,0
72991.08369503866,19055.040497207618,0.3039425122550273,8,1,814,0
48368.597773147136,15837.062578899073,0.2304166621173499,9,1,729,0
56025.67583148412,8188.517413829111,0.0014738220863114,7,1,836,0
60352.159875666686,23376.00051165144,0.7293447940879964,2,1,440,0
43981.692921712456,13890.29298881121,0.9668454997992854,8,0,599,0
53361.38722715625,14808.868223430476,0.224293483285045,7,1,610,0
50188.88601172692,8467.124286487628,0.6630471918034224,8,1,770,1
51465.14147823248,11897.024241659428,0.7418963269587151,3,1,692,1
38404.853242168,8806.381001811693,0.8484253790905247,7,1,744,1
50367.652613884144,13789.377580536038,0.4226291970136091,9,1,471,0
57469.97436868175,26981.959360996407,0.3029309056404292,3,1,330,0
71767.15411692562,5396.691999480505,0.3252951340230311,6,1,346,0
64389.0623912781,3705.070214862812,0.7126213330985128,2,1,429,0
82297.73686267334,25298.19229245526,0.816779466505636,2,1,651,1
38489.78655667926,13534.734259936937,0.1816139677566026,5,1,357,0
63084.80955081017,10316.490829380584,0.3709410081577652,5,1,405,0
52750.13008607528,22279.332811772536,0.90194019674915,7,1,629,0
82847.04399826509,10760.691221841951,0.8066935196947392,2,1,682,1
37875.525719672725,27782.067994828554,0.9848584027624758,7,1,461,0
37404.17236728836,19745.481099374883,0.7542482596820808,5,1,585,0
41009.11031833967,11584.620142980082,0.3931952010279222,6,1,370,0
18141.56413535289,30101.157492858525,0.5906378339946378,8,1,753,1
42113.674674788585,10759.995538976633,0.6610142542473203,4,1,696,1
38613.01007669453,20194.66760406515,0.0784558163171239,7,1,814,0
52255.90679714312,17095.048062845442,0.5444969591038651,6,1,325,0
55126.339636657394,24112.189025791587,0.7093208284726096,2,1,612,0
78142.56258823829,25930.578377087968,0.1673213040010603,8,1,425,0
64256.35757279075,15224.029043460368,0.7806317174255571,9,1,707,1
41346.44516506395,9726.074907576716,0.5837727805141116,5,1,497,0
36523.77992977463,18219.80500057381,0.9522217856975946,4,0,487,0
57378.78757259758,10255.992411735257,0.0424222982068916,6,1,783,0
30196.50189469037,29093.71073268636,0.2653261375554669,8,1,749,0
77471.8814878153,15955.747317579162,0.6015538792998241,3,1,822,1
67691.60181081931,12442.749140815238,0.2965599122059307,1,1,653,0
42962.36521842943,16292.762141054358,0.7144241640712422,4,1,399,0
24302.98206363684,5570.115973292124,0.759005282521931,4,1,577,0
70308.0856124812,8198.70173042544,0.1025159640664744,1,1,790,0
48281.902321210735,23402.897355610978,0.5138544642067677,9,1,554,0
68567.24467960192,10401.74004720023,0.5088905555910559,3,1,680,1
26083.58511808449,7671.623121226423,0.369280770215541,5,0,841,0
41009.374655693406,18756.569267691004,0.932924862569672,6,1,563,0
50078.65549577275,23299.929082640974,0.8275063198732212,8,1,628,0
50704.70890647113,20032.673174655465,0.6972093819096368,6,1,414,0
43249.01792781134,21972.333800640718,0.7143266357349976,3,1,575,0
59342.748985212485,9702.434380013776,0.4617161438131191,6,1,787,0
33985.69355926108,5047.325332807093,0.920994521096576,1,0,580,0
47864.3077246806,25509.335563688408,0.6945954272532854,4,1,574,0
51804.434475678485,12741.24112810505,0.7289810616558164,6,0,627,0
57716.58251088124,13244.168884814668,0.8616909037873453,7,1,510,0
60674.22317133335,24297.35899294341,0.274071589342191,3,1,325,0
33130.36862243196,18893.61006580462,0.807070903866703,9,1,326,0
26988.287438965664,18191.21440457125,0.195240602956492,7,1,382,0
69165.15232847763,30155.01641430759,0.3453419522448878,1,0,712,0
54984.71017969387,10495.372387339,0.3356104542698427,2,0,466,0
38772.701951651696,21494.880896568666,0.9785254683891406,1,1,468,0
73267.27963283785,15399.091874279591,0.8565372237479268,9,0,528,0
51735.11951439288,16880.1459520428,0.7011698615902597,9,1,666,1
67689.45776095739,25699.27898488772,0.7270567616153901,7,0,827,1
51012.77722115164,18554.850294027365,0.5620727944025711,3,1,837,1
80911.21887322981,18768.072553347432,0.9470906671085192,5,1,823,1
76330.11263664806,22507.55136116861,0.4962587528823615,4,0,371,0
46265.5377728139,12445.330893199804,0.3805177098698945,7,1,405,0
64573.56426431533,9125.532328626956,0.163035336931591,9,1,581,0
59680.639243777216,7686.335641852765,0.786205652261058,2,0,432,0
70529.47336298523,1235.503874367987,0.7344439320755914,8,1,833,1
35526.14809129843,29393.44990958225,0.3843550385241349,9,1,568,0
60290.77189997659,7277.541439948218,0.0251934139592293,9,1,711,0
65876.36730274382,13451.224634899596,0.8389973277180107,7,0,317,0
23618.907703653287,13062.306900777556,0.0114179834540736,9,1,416,0
32251.12231001337,17151.846884663704,0.703699779629051,9,0,443,0
19411.51733359849,20710.16048777508,0.970257109726057,3,0,850,1
45958.89748333163,21023.314418518217,0.4376613281482034,4,1,721,0
60763.13383693944,10918.45793001743,0.2349734049959527,2,1,668,0
72535.35578144042,13830.14800349512,0.7048710100433817,3,1,349,0
51111.42170629663,16978.0596534181,0.8171281420155851,5,1,405,0
74429.23318356938,13259.16211671517,0.5464303160778473,5,0,515,0
29298.47812677663,26251.41903213995,0.9670352752561462,6,1,724,1
24449.26340967268,18436.82466146776,0.0516687216579611,7,0,371,0
49166.78451655072,20144.14450234872,0.5047955983045281,7,0,745,1
55760.98173408961,19640.16888067189,0.7184539473225501,1,1,485,0
49509.578778588606,23214.317002397274,0.862640471149179,2,1,369,0
18988.36849940185,16267.15091092595,0.17925561190779,9,1,449,0
48663.19940730817,5922.176364309074,0.8000034817636814,2,0,545,0
30432.9574924272,17797.81566226849,0.5527070757185453,6,1,837,1
60045.08823245058,10440.501743457196,0.3965536819899632,1,1,398,0
55498.97369145272,11299.683227751702,0.1317150285790935,3,0,577,0
35901.80320508967,19104.548131285654,0.8652957589089124,2,1,754,1
42291.9962399496,23667.98150003545,0.1572732081797153,3,0,403,0
34111.79717166573,15148.901037152433,0.3097878592090992,5,1,532,0
49059.813540902425,17161.831088192746,0.2900455319624369,6,1,693,0
64327.134807518574,26915.504612446668,0.8714140341908543,9,0,800,1
35214.10930496684,16685.27225641998,0.672702994208898,4,1,550,0
57560.69773276767,33211.78179926277,0.7966813971913723,7,1,820,1
42046.13572441339,18958.56751942081,0.250467898792499,6,0,378,0
38106.90751606484,2674.660685909276,0.6248740996069989,2,1,351,0
48394.54460068164,20273.39134773173,0.5717459831437487,8,1,525,0
34471.365163709386,17668.108694179446,0.8328303767882711,7,0,350,0
41695.26041979227,24028.269278579217,0.9060870604812604,7,1,485,0
32031.831611167272,19712.269458889707,0.0121567714773868,8,1,333,0
79470.87699374584,14030.808112113584,0.6740199190587927,1,1,430,0
50528.95327957593,6429.9123459744405,0.051835799119729,1,1,742,0
39504.117380111216,13536.837198997822,0.5488586650773559,8,1,731,1
53209.69866101333,9046.3568205349,0.2876327290436782,4,1,796,0
48315.07925463755,10936.33585136694,0.3067765995221412,5,1,702,0
46685.45600700165,19120.048830944263,0.3529585034523566,8,1,622,0
59212.50050065138,26689.331530459844,0.6212924490496101,5,1,509,0
61362.61565070957,17762.70070876087,0.3340499656687692,4,1,628,0
42042.48278584209,6628.818565753709,0.7326990505902804,6,0,671,1
41362.7263903298,18112.218677540983,0.4045273855738697,5,1,759,0
45874.22454272534,23376.42040651956,0.0683532003099586,7,1,432,0
15471.18252896623,10731.519669764324,0.7837598424841072,7,0,420,0
27272.13406702172,14061.879833289577,0.285758324592706,4,0,751,0
70503.11401166787,15102.81736310438,0.4327668795992626,5,1,428,0
74674.51570251926,9505.71180842432,0.6854438832219015,3,1,390,0
46264.45940665432,19537.96303690701,0.332456157148712,4,1,328,0
58648.35444583649,14153.36295974553,0.0565856561467156,4,1,823,0
54668.75231815304,17936.727107349194,0.3739210470128136,3,1,632,0
96183.21212682856,8787.5547553853,0.9444485826943034,5,1,596,0
66793.62367151865,11937.791897736126,0.6417343972985582,5,0,429,0
48081.2361277885,20056.6695047944,0.6714791486672069,7,0,592,0
35666.89339099362,12390.167935357633,0.6322821536376398,4,1,472,0
25903.30519613641,27088.746958633837,0.1989921389594368,4,1,323,0
53051.95453800834,12202.546700697783,0.4183338641022801,9,0,398,0
38654.73882073545,16572.7930802632,0.7509397983633183,6,1,705,1
28666.19435603489,21528.13582311163,0.1013728975531591,4,0,655,0
40301.4067363621,5071.439869468779,0.2778527760897122,2,1,438,0
33776.779945784074,2674.338316134568,0.2763191084658536,6,1,802,0
75307.12452608848,4320.405798009337,0.432018927594506,2,1,473,0
63224.59635424176,23838.088723990277,0.9803687409421852,5,1,328,0
49880.41038025074,11136.992978752873,0.0675025466838219,6,0,795,0
72199.16208335038,32907.39499967777,0.518700994380595,4,1,650,0
51160.52461471428,11050.26680939828,0.1793646820122104,3,1,598,0
37080.73698007604,16291.85912237926,0.970676545409744,7,1,491,0
72846.86115904486,25794.76966797513,0.1133035047274642,2,1,363,0
58083.65065526988,29042.65021711386,0.4036010023615912,6,1,514,0
34441.30768510315,29430.525036454783,0.7378849848346062,4,1,465,0
47144.91982874588,23458.563614152,0.7045544280274453,6,1,842,1
36865.72619922864,22168.43768068024,0.4227286368939322,4,0,531,0
29258.00403553496,19147.68864440828,0.3465241679527182,4,0,840,0
63892.66321297462,20448.527533166463,0.3976123785528705,4,1,494,0
78641.24960705196,11141.699985700268,0.2642762631586393,9,1,805,0
29021.486392712883,9272.60781604385,0.2053329387067998,7,1,633,0
58444.53855035856,14976.378798123336,0.48303969755889,3,0,603,0
40240.361463172594,13808.7076423255,0.2685337560676073,3,1,736,0
42693.11924352956,11827.403654709073,0.2874616648972501,6,1,622,0
41114.09113641696,19874.712132197008,0.6567560634745571,6,1,801,1
37040.13845480276,21687.136459993577,0.9685373316998922,4,1,692,1
50727.82441917241,15618.848204042932,0.6036372005593751,9,1,448,0
37535.748253834434,25342.710567386835,0.0769794670649662,4,1,704,0
54056.85238669758,7008.176201065465,0.0755836138540669,9,1,582,0
49246.42835826294,13644.383785041971,0.951423220845566,4,1,661,1
46415.77929700386,9982.243755780364,0.2972907903073336,2,1,678,0
36386.54506937604,1934.24368048858,0.0920669860824754,2,1,497,0
41348.43004147501,14421.235199101106,0.5990445871503816,5,1,655,1
61330.86838738634,14147.767441317015,0.6236487782902661,4,0,839,1
57513.75781436571,25594.14820269492,0.6485048201186882,7,0,728,1
35336.67132802174,19415.68179188344,0.2674020278575413,5,1,316,0
51489.98458143839,7830.692229695565,0.015110684214475,6,1,678,0
61270.80685057683,27978.64796433932,0.965015369454472,4,1,805,1
24958.920783179423,23547.235868677468,0.2508930456911025,2,0,375,0
58150.40288569903,19074.68392428031,0.6760262880525475,9,1,530,0
40060.643615812296,13414.611308051177,0.7066298698787096,7,1,547,0
58558.98002889739,8283.925342935641,0.6100074170794857,4,0,601,0
38551.11265186225,12394.55256750263,0.3129073942136482,3,1,514,0
22926.768490032213,22621.240337929303,0.2710962537640657,3,0,457,0
25586.86343175256,28192.104141542262,0.5976682827027031,9,1,368,0
50721.27419992073,25802.704697905323,0.8660956336116915,5,1,692,1
53895.83752582223,11578.054047496082,0.9467337289233956,3,0,384,0
36435.25062343387,7162.677966976921,0.1059058044037576,5,1,566,0
59578.88688166061,15986.203728378428,0.1548286125977198,2,1,368,0
25077.1990659656,2620.9244410600386,0.9447362587830797,4,1,646,0
49008.80302029025,17262.17399929347,0.7365352283347926,2,0,722,1
31834.75700356315,13966.78189590932,0.8829938248297731,2,0,473,0
40222.45838296761,11737.744486922304,0.2026326341353431,8,0,414,0
50710.98006974621,3837.078529132432,0.5875858711094019,1,1,519,0
37093.79952074072,18595.20074598801,0.7011395944174736,7,1,330,0
44231.66683655262,11271.09412236662,0.6801118854469727,5,1,822,1
65094.39213821661,6810.582150027984,0.4081516908666981,8,1,642,0
41346.62195715277,0.0,0.0153948916913084,1,1,676,0
62535.38168097712,14807.395664645546,0.5829260568042631,7,1,429,0
33054.397180135726,27405.76117668821,0.2531015391796087,5,1,838,0
57947.06266872924,26628.81450183509,0.4502542461428903,4,0,301,0
71623.5293098685,11800.326203896097,0.9575810150838172,7,1,400,0
12925.332498090662,10784.515577467537,0.3990353176424347,2,0,832,0
38046.57116794285,18281.419792525165,0.8398016066644267,1,0,357,0
58656.081907708096,8011.30192568196,0.1885406057492511,1,1,688,0
46954.31920935511,17112.543298736262,0.6724604980250288,1,1,640,0
55567.188100569634,20362.561948692837,0.9770069544389436,5,0,319,0
40940.22219926269,23588.532567190152,0.1018931008729367,7,1,554,0
51298.8468120935,14298.92146464033,0.008319942227192,2,1,616,0
47664.84146911881,13574.28374876124,0.4335827926326143,8,1,337,0
67516.73092489711,8854.121892704072,0.0926254830513672,4,0,836,0
53816.31264951819,9211.83752172098,0.7483843496762314,3,0,685,1
55064.039931128034,13414.647756689312,0.9145486638485588,8,1,325,0
43821.84550816299,17571.558547713248,0.4340209727087588,2,1,753,0
42685.9066389126,21395.092383632746,0.2587116421554409,3,1,622,0
43511.62718270568,9377.747345237583,0.4344033190066098,3,1,812,0
55916.78213567445,25448.819982716654,0.723447817850001,1,0,312,0
43685.232787696055,13102.134792702018,0.0090541615803709,6,0,670,0
54346.62285344619,14850.428939560948,0.5894539894846972,2,1,590,0
81131.01197968159,9769.518245965235,0.6132916848873791,1,0,631,0
63066.87055147538,0.0,0.6376882468959355,2,1,560,0
45109.647017482384,21188.31777452735,0.2420220799808772,6,1,504,0
68018.20883245918,20157.907279647035,0.7140527233781268,4,0,686,1
43878.86940467673,13030.707100172503,0.0913914863317764,6,0,767,0
19428.13197233219,15468.935020574105,0.1992703364668008,9,1,714,0
34878.70533623894,18611.57452392869,0.8774700466544819,8,0,368,0
21938.12118461217,4062.179001794202,0.7387231507265664,1,0,771,1
44727.29773938037,11296.631258575935,0.0137455540113452,8,1,403,0
50276.27568784328,20559.85275735279,0.2483762603698002,9,1,460,0
75146.55968412924,6219.974037815255,0.2144064829931645,6,0,499,0
54903.91060646244,17054.905525166403,0.2708063280369726,5,1,515,0
46713.49206786704,5503.9273676361645,0.2475597702798864,6,1,511,0
62441.083717752335,18265.009877034685,0.0625262957428457,6,1,807,0
16832.970364881723,14750.509623917616,0.4589405165968203,9,1,315,0
53534.21837162849,3694.077288661434,0.7327334747861651,4,1,797,1
61562.9779083045,23153.1754812002,0.6067317247174364,2,1,631,0
27821.206313302377,9857.858962413657,0.6728716685980798,9,0,850,1
67156.31064810394,9328.232940899332,0.0811491785362391,2,0,555,0
55077.44611241621,16403.9843806166,0.9514907101767872,9,1,471,0
43770.68129148799,23040.461446001005,0.8384918338430248,2,1,797,1
59491.72799159427,7889.247267151221,0.8050903184956627,8,0,770,1
84060.39286706594,15431.758948935802,0.8229838050417675,9,1,683,1
52727.99382587743,18001.71550231401,0.9327105081327614,9,1,806,1
53723.30879450504,19851.73925084201,0.5442539661136977,9,1,826,1
43109.58650689634,16235.090886940576,0.2002820178676259,2,1,624,0
37252.33445802813,12430.805126416744,0.6167836078525412,4,1,513,0
62455.03724816369,9206.868455458964,0.742881493667939,7,0,507,0
37158.74261136699,15603.007181324623,0.7379173933540254,2,0,468,0
51073.49355829089,7495.026916100752,0.5214490241668801,1,1,629,0
42835.13829852325,0.0,0.068458719333578,3,0,579,0
57184.69738619588,18055.918629103675,0.3711129384301278,4,1,604,0
55004.93157930423,21327.54388760337,0.9207666084633572,8,1,445,0
65563.0991638685,0.0,0.584448909757426,6,1,815,1
42349.75401717879,7931.885067030437,0.5383319432557134,2,0,389,0
45951.87597059943,19334.079827036385,0.2688535143821935,9,0,752,0
35318.54426326539,29402.46828798189,0.3684489199165789,2,1,359,0
43335.60109885833,15145.555953727857,0.8953460891531693,5,1,610,0
55659.50739567279,9903.97941139606,0.6664630475268357,4,1,827,1
61354.82924968028,13719.72491226612,0.7873870267523329,7,1,526,0
36167.52013733562,24624.13493403729,0.4543454230676551,8,1,773,0
63044.088801584905,10478.250746128251,0.6302472194561579,5,1,840,1
70334.56788207426,9405.655953448226,0.2483836087432075,5,0,378,0
56201.52354835552,11620.795344725771,0.7054608302834863,2,0,732,1
78151.937188371,8326.699742189014,0.4276013337033373,8,1,452,0
38393.1620134464,15858.69221196357,0.4425455148147456,2,1,700,0
31330.179450328746,26372.74920928692,0.6493223245768817,6,1,578,0
23319.19626643582,17261.554911812203,0.9362806214689268,8,1,356,0
72440.66467233775,13233.525485115986,0.0640063466086209,6,1,485,0
59815.484845310864,12957.321117591193,0.8247432373470076,4,1,697,1
49166.22993634317,4057.664339123401,0.2923831104121931,4,1,457,0
54199.5293947973,21181.768440030115,0.4439194545063778,6,1,658,0
33117.66429052435,14455.139620910386,0.0219133287750089,4,1,739,0
86686.27969425239,13736.64060486562,0.301046077834313,8,1,765,0
51938.31772962841,37351.75297491402,0.5026312426301305,9,1,745,1
51640.92191907339,17091.270358559803,0.056176077347439,1,0,787,0
60886.49935848038,9737.46264933371,0.4910957293831651,4,0,829,0
57215.1384760507,12015.496826561195,0.9271106288584272,4,1,372,0
53358.26036418697,23039.119964377285,0.1053932181078052,2,1,316,0
38142.88316832032,15792.892873764353,0.7644407280755043,6,1,830,1
57072.025357039936,4932.054151778433,0.4096710533759926,3,1,625,0
78230.3674471255,21434.602542026423,0.655173714524338,7,1,845,1
70181.30069232467,10322.991401227042,0.2602365979852293,5,1,501,0
73897.79939959096,28113.084433522818,0.1594922625413583,4,1,643,0
42331.76485353222,22560.336460002534,0.1604626142712264,5,1,822,0
35155.92769612129,11868.746730388742,0.0704919456431446,8,0,699,0
48113.19619850528,23967.114532145788,0.185646704901243,3,1,517,0
50835.87368433042,15474.988573691822,0.6642193849889683,7,1,744,1
66412.87277706423,20969.41572585553,0.881690611843508,6,1,521,0
24613.03055427771,18393.129721061323,0.8141256855911618,1,1,682,1
72943.2547919092,9075.503415063886,0.6851343098744841,7,1,306,0
47629.88152131516,10495.151173777766,0.1104318634111026,7,0,571,0
43596.7839507887,22209.725723068128,0.2891874462959498,1,1,315,0
34818.434371097486,12656.572675254214,0.309806875322469,9,1,723,0
25177.14992201346,12174.460757306024,0.2499569463976212,6,1,823,0
62347.55875942872,8314.141944554529,0.5150056597097231,2,0,320,0
51099.76950782606,17965.193459154227,0.5355538148796726,5,0,527,0
30650.58650388419,29437.67443470201,0.3568859751711102,4,0,587,0
30573.81841904576,7527.26960022009,0.353789158736436,7,0,433,0
44963.22951064808,15169.536196709309,0.8285555979060814,8,0,582,0
75035.32287934089,24885.543887908003,0.7892928483196856,1,1,703,1
46106.12972954593,14442.510261279996,0.3077958316807456,5,0,365,0
27452.855703228408,18166.602573748136,0.9137884438732592,3,0,736,1
46313.85403871084,7563.245302971842,0.952815017002506,1,1,558,0
45909.14645378495,17998.14968045354,0.3267425420300408,3,0,402,0
10000.0,13689.990144968158,0.3544249487930548,6,0,400,0
49185.577002232814,21900.10996975904,0.5056341534219588,7,1,497,0
46535.98204686983,23311.70236095326,0.9411208125336736,8,0,525,0
60443.09547220128,33126.9454941303,0.8763194331423115,4,1,762,1
77734.34142418018,19057.43221249503,0.1025679625835898,3,0,536,0
66898.47544321636,17280.574216075165,0.3927307432714162,5,1,325,0
45966.669641677545,16360.690111041353,0.5533711897497718,9,1,420,0
33402.11136887495,12527.83595032518,0.50313247255154,6,1,805,1
88600.3970487479,17369.386904231837,0.1938630679368926,9,1,481,0
50888.27651021732,12932.190129026794,0.8588167711681547,6,1,842,1
50208.9393786942,16179.2268338873,0.6769407829968374,2,1,614,0
49638.12369334995,24223.18274925572,0.8379083748518036,5,0,572,0
52971.271411517824,7954.202043042512,0.8587642793494722,9,1,531,0
47834.59382114087,22979.14992790332,0.7483558536657398,8,1,719,1
41395.069896796456,24219.80547137905,0.4392106012497173,7,1,741,0
41797.11588139412,14173.52031106245,0.6105467550154245,1,0,795,1
49508.70094676002,147.0157069398374,0.1603654061197431,4,1,323,0
41848.62843299352,10745.246090338973,0.6736454174749077,7,1,408,0
39307.313259842536,24078.961825927763,0.1792532557392807,7,0,801,0
51596.453415378455,14839.923563907823,0.6939495905101568,6,1,324,0
46175.34173868717,8004.884373935624,0.2295981607539686,8,0,486,0
72559.89482874033,11466.57555140248,0.1175513001502199,6,1,587,0
10235.45287410482,20884.340185531877,0.1652844901429574,3,0,637,0
66372.60277883692,18827.134977409656,0.0019921352190702,4,1,336,0
68691.27788746444,13327.47530581214,0.7187396178535302,3,1,436,0
18899.14651387776,12432.229117297187,0.7324010490583791,1,1,807,1
44859.68608879477,12257.692956693249,0.5149333499132595,5,1,526,0
44428.38701006313,8543.128708510481,0.1613628010553837,1,1,619,0
28887.32457923268,26307.62982628609,0.0835543375106897,1,0,481,0
38332.74968613687,12743.75671552062,0.019128966437287,2,1,385,0
33341.36231801257,23520.109645778477,0.1657481769652207,4,0,766,0
76284.05665135435,25649.21236345716,0.8908555349831467,6,1,352,0
64035.17589721191,21988.176287035723,0.2415368417016817,8,0,534,0
69073.32642491237,11978.657810973662,0.3542713272172156,3,1,732,0
60825.08096064853,17826.110632356267,0.1053454844813331,1,1,795,0
33064.22343174156,14830.630755263586,0.2223613047481702,3,1,399,0
42132.1960058034,8674.086974889102,0.5192245707802051,3,1,702,1
57340.61841841877,17270.51497205122,0.6077526830956526,5,0,695,1
31668.082866620814,6746.721461881383,0.245352314166211,4,1,826,0
60694.97645258582,23313.755719230947,0.0577321592251172,4,1,714,0
46395.11902762797,11747.678918911248,0.3910328691273986,9,0,762,0
44377.68788675604,16408.117591109876,0.2342033709263341,7,1,840,0
60664.39952305237,16983.015100822995,0.2195539232298019,4,1,663,0
56663.9496722906,13187.665184071458,0.9598628027134553,3,1,429,0
44585.50751271381,19106.85661032692,0.6163004859257241,6,1,383,0
67389.94705046373,11675.67440364233,0.5568784431720959,3,1,570,0
33784.05008600154,21099.081082200708,0.4157751035233219,6,1,543,0
59239.03410416396,5578.14223827276,0.4289443334301442,9,0,687,0
58896.51886952575,15884.657056824884,0.5409050038380808,6,1,513,0
45356.803410290144,28572.502993407998,0.6964298070361072,4,1,465,0
54891.99533363177,7997.680727760977,0.7021460961818294,5,0,358,0
31233.296354220456,10255.78520632604,0.1716939077054495,6,1,803,0
63860.40528810352,18597.354947612406,0.500112752076627,3,1,422,0
47226.46795335517,16257.072473577186,0.4119580950341019,8,1,712,0
42159.1546922144,17454.410694914914,0.8705269662693842,4,1,438,0
65735.13838755334,18424.309911033644,0.6314189212183764,8,0,528,0
39434.84464185861,19443.050279932388,0.5325040664159818,3,1,573,0
28873.080554546606,22767.898893693564,0.1153946421789173,7,0,738,0
26650.56239714144,17868.730598499587,0.6056378893234114,9,1,417,0
59090.14927018459,13311.196417670202,0.1172039056802334,4,1,782,0
30793.559712555754,19708.01590841912,0.337206575565752,8,1,694,0
76321.91272976546,28299.17354426651,0.1428419648143318,3,0,759,0
18771.058881744168,14071.563775321983,0.6920736470243689,7,1,377,0
75446.84552435057,8178.29486730551,0.2062521138361526,3,1,711,0
53165.26200803927,22749.56468500881,0.391859373188026,7,0,374,0
48549.30332194411,14157.331852324813,0.8956747776187787,6,1,594,0
41826.21369786575,0.0,0.2043163833989703,2,1,320,0
55987.04171528106,20931.95174005295,0.5078050639587791,3,1,470,0
49435.47946362727,11252.70269832254,0.419271661166022,6,0,314,0
66549.52823024782,14366.267023870874,0.0181240410457297,4,0,510,0
51713.41472993059,17323.862313983103,0.7927581135728128,6,1,385,0
52254.52642192817,16333.497758453464,0.0690459063145997,1,1,448,0
44545.81681679216,19966.16271997328,0.4742550209769536,1,0,671,0
49145.81564418399,11951.595406011096,0.5606782949389499,3,0,779,1
54617.026533380886,18591.74058723258,0.6284264566145871,8,1,450,0
24347.47411015061,13183.17325691258,0.6886316293078756,8,1,440,0
29777.218668414305,20171.67336621252,0.2532723835227151,4,0,368,0
61148.96141034072,19307.57238809137,0.0099787766584493,6,1,559,0
52562.981571919125,8451.929085687832,0.723443662354912,8,1,820,1
47240.24995470981,22601.874813225226,0.5356565993475786,7,0,670,1
50276.5089959809,11248.255884201664,0.8361177032072488,7,1,718,1
55213.72558042507,20656.404587968016,0.8213883629006943,4,1,400,0
41903.60479535958,17571.011193809383,0.8433261677878832,9,1,542,0
38325.42911896531,27867.285737565857,0.4850946599795401,6,1,811,0
52937.67882646522,13435.738123397035,0.3336283958368656,3,1,394,0
35324.40833577452,12554.782427172617,0.79155820259137,5,1,525,0
56123.79133571708,14864.062758785873,0.4512941130292549,5,0,817,0
24461.245936432395,12877.741520160072,0.1834421964034345,5,1,513,0
65437.33455988466,20599.59331359435,0.8549740195614743,8,1,366,0
57088.96223619564,3685.8257409438847,0.8825598767723473,9,0,695,1
53840.44601470813,7624.223065975521,0.4663097561401701,9,0,311,0
64740.36475918271,7525.379548945648,0.0756997273097874,6,0,536,0
74982.11666693864,21652.15314381503,0.3878260899169312,6,1,698,0
65215.55097527196,26974.29360807348,0.8035376594626034,9,0,706,1
22386.88653002532,14268.8554702377,0.9017740285462288,4,0,779,1
30806.34549896448,13818.247937669928,0.2034727424975958,6,1,521,0
40627.72133456482,15490.36514179227,0.0669736120252715,4,1,455,0
50391.36575316251,23133.148118257333,0.8773504531328387,1,0,727,1
57764.88530703685,8508.528060665982,0.3894049389788753,7,1,457,0
39113.84280269802,16668.582879143494,0.5417609642675633,6,1,715,1
52801.50146715617,21826.38340847701,0.9680658120507588,9,1,625,0
38669.25601470016,18507.65918957892,0.0665647279142228,7,1,670,0
40827.23295512078,16327.071316191204,0.6483180074520956,7,0,643,0
28900.083547276667,22007.322647969988,0.074105422574867,2,1,561,0
36151.50130833643,0.0,0.3754689284665004,9,1,582,0
29724.730915755,19745.127236716355,0.8038145451934468,9,0,528,0
35361.90120534001,10421.470218108032,0.4334722327556344,6,0,579,0
65804.62694911759,2185.5697220048023,0.9971823539029504,3,1,589,0
35759.01666752085,18578.418196674866,0.5590592849466022,1,0,346,0
89485.73097256086,24615.609816140703,0.3211621526359535,4,1,513,0
57399.76851321334,14037.860397606157,0.2201113259047531,3,0,323,0
52772.54185542311,21670.12183042057,0.3505205342861618,1,1,620,0
37124.6332972818,26285.94780592052,0.3725332737595508,3,1,573,0
60504.64819113487,24204.40117508833,0.0687136777239609,4,1,612,0
41365.43260643339,26479.751705599752,0.3695741994267731,8,1,662,0
51830.14721968042,20194.892437503244,0.4642385197392249,9,1,679,0
88401.26807403192,15528.035472311149,0.7227377522388047,3,1,769,1
48559.10150413025,3786.2393167198206,0.656729484721608,6,1,415,0
67239.09989428514,13277.56258309036,0.7087656552291542,5,1,341,0
39452.35362311169,9097.273832786655,0.008363681876857,6,1,678,0
49475.17264254557,30196.599022484697,0.217667399580536,4,1,505,0
76562.00953453264,13768.799312973644,0.6616842883998565,6,1,765,1
40595.494133183485,15862.4336474914,0.4839893681797471,7,1,579,0
77186.72836995393,18860.39763228327,0.0053134756683459,9,0,417,0
60616.279031832135,15305.217124607176,0.8044946424318223,7,1,536,0
41562.99836158598,26865.35728301527,0.7728095732903374,6,1,608,0
59486.116085832815,10641.454467858835,0.5484191629935626,1,1,755,1
64588.31674440095,16362.252186660698,0.0664633257762721,2,1,774,0
59327.149433257946,9802.705900113662,0.7665150495325846,1,1,399,0
26446.629201643154,5759.84242145506,0.583713587731364,9,1,560,0
39092.94236262697,10717.616363663,0.7819599771579592,9,0,604,0
46287.22046672743,14740.742420661116,0.7517469923958404,7,0,653,1
48883.498563499306,11994.88442837918,0.8030020719578371,2,1,585,0
59310.08146326017,10153.053140883008,0.5180080664046248,6,1,627,0
52665.51501399881,5155.777754297164,0.140324518193515,4,0,402,0
29969.83461934848,14418.260991599136,0.6711574733796887,1,0,362,0
55702.967765089445,4466.957381782984,0.6204737850519706,1,0,581,0
59158.78617925735,20320.39174582722,0.7422531871990872,5,1,740,1
58396.8567189656,15577.078270541522,0.1698810060507353,2,1,592,0
66211.71088331932,4797.139503745486,0.1949751999002892,4,1,306,0
62508.83231823356,12835.536460650956,0.8904095172193285,1,1,391,0
56887.70118842655,9734.905160865916,0.7499777984520708,4,1,489,0
48947.51432812029,17234.221572934264,0.9082284887003228,6,1,775,1
25085.58599726013,24383.15312216201,0.7587153211639207,4,1,810,1
56444.273286988784,1873.792712479788,0.5971553059903019,1,0,761,1
53115.31530744667,15805.18255403192,0.6541327370278737,7,1,352,0
54073.6825579306,13879.070431033517,0.88912792394001,2,1,785,1
30848.77136269536,19699.38053515326,0.5788067545119405,9,1,789,1
33784.151893876064,16492.376397663826,0.6323913243283874,3,0,663,1
65797.29279999355,9736.214677828266,0.1564767160036005,8,0,411,0
49406.672692150176,12766.622450333673,0.4739212201161027,8,0,708,0
60222.510460589365,9427.819002375578,0.716397111958099,3,1,306,0
50424.77564195692,22532.049970190183,0.2709426983163654,4,1,496,0
50446.34209243618,15149.181540703596,0.2022541805245349,2,0,666,0
64074.25708963996,28308.33480027105,0.3138268082244155,4,1,549,0
42259.32907673939,14575.374303297654,0.2415006279928334,9,1,539,0
51441.811654114754,10041.15263162676,0.2149126370363958,2,0,679,0
43065.87066942436,4403.999251710209,0.4248508428680869,3,1,770,0
43482.55658851527,2378.022266208385,0.907838513883534,4,0,754,1
45362.41814797041,3911.0483989615714,0.5070596467387183,5,1,665,1
53332.00657450569,16869.886557080383,0.187920380815323,1,1,589,0
42818.77067504784,18561.075162609537,0.076971669380874,7,1,702,0
68836.34188360281,3931.6650857750665,0.6961561451379252,7,0,357,0
36580.89046670744,21265.26819853281,0.3827987644363878,9,1,820,0
47196.92533757961,11618.572638215925,0.8218309465853593,4,1,603,0
43404.034125887374,16027.551083898845,0.6595107686407702,6,1,414,0
71704.668265306,26285.54439778797,0.7962414505413685,2,0,509,0
52948.32164767362,21277.875211058723,0.2719460394184487,4,0,340,0
65477.66809202952,13120.285464659171,0.6923589224610581,2,0,472,0
27716.59440444542,8761.654422092988,0.2640619846937188,5,0,533,0
54005.75398803888,0.0,0.9390684794502916,7,1,702,1
63344.46193435155,9965.926765303058,0.6363742815333744,1,1,338,0
51234.259839131366,13522.08832820614,0.3245118001753421,7,1,418,0
65982.20562598026,8089.743309941712,0.2695118622922726,6,0,634,0
42240.673248494415,14081.201230353869,0.1909265850716435,6,1,635,0
71140.2116027837,15537.963180711378,0.6946409588937278,8,0,838,1
84483.47185428876,13426.00812734345,0.2187156129979273,8,1,373,0
44557.42159340512,10449.98193423578,0.5953032659274891,6,1,490,0
43317.462178988426,16180.582703767092,0.2646350269253573,3,1,623,0
71800.7671567655,18093.58454698586,0.6619689447938686,5,1,446,0
73693.58218596068,7367.206457900078,0.8149397285405392,2,0,583,0
42157.09959270098,24876.52665822389,0.7780252431446532,5,1,512,0
43697.19774356214,14309.883074010168,0.7608513309307817,9,1,693,1
45773.2308670924,15131.947360613936,0.187722405692252,1,1,638,0
29833.242334485843,19957.5009627959,0.0883849469845187,5,1,321,0
36220.22080273703,16632.512918844513,0.6989488284873856,6,1,404,0
34937.88849871898,21671.95643739272,0.3683472137943513,7,0,765,0
38483.03652343807,17009.86915641277,0.4323462264033473,9,1,758,0
49479.72668919828,10712.938377516934,0.031149092793391,6,0,731,0
53513.22098804781,17530.52467644271,0.2595764492750492,5,1,520,0
73257.50739221115,6993.916548755367,0.033676403874464,7,1,678,0
35024.68938891814,15759.917940435662,0.8791857726012476,1,0,521,0
64764.83597714876,14767.390065488777,0.2433966832185304,5,1,557,0
46790.16733661736,13543.18199909222,0.557337169573008,2,1,666,1
49258.044355213504,14100.237419927484,0.0389793206611304,4,1,648,0
60122.29238249906,1827.0566815165255,0.6668473913056581,7,1,524,0
33159.16967656552,11158.92564581327,0.3230273457540938,5,1,535,0
55736.14619276076,15649.914307987803,0.8979191869576658,6,1,482,0
52496.78312319584,16118.994743981802,0.8881181889340358,2,1,743,1
57386.76896012224,7806.274013518293,0.3252906183617478,3,1,305,0
54337.52965861727,23859.954886052903,0.900960895690468,7,1,535,0
86829.50209866342,8936.776062498495,0.9961576734987788,2,1,426,0
40433.900236230256,21786.20040368716,0.8254156641239481,6,1,403,0
42035.04567497274,17990.360533101793,0.844871347755229,5,0,779,1
40652.89210362853,10476.408831093378,0.2490087361090899,1,0,454,0
41667.84321259618,27427.176248266584,0.5767023988577563,4,0,556,0
40439.19309040223,6644.54217770464,0.0672559139673678,2,1,534,0
67835.24796661327,21434.07921527001,0.0949179368216697,4,1,799,0
71307.56371984782,22004.076226300847,0.9988926120332906,1,1,588,0
41438.805593757854,10305.658536463485,0.3266392494259109,2,1,809,0
37514.66640343657,24747.2571004503,0.7481839120488464,8,0,597,0
57071.23334579606,13249.67439780733,0.8066650530268165,6,1,436,0
41716.65433578543,17020.855404959,0.8580232710072292,2,1,675,1
59493.97726633266,16822.252871398545,0.9976282974021564,6,1,386,0
53043.845312769496,14059.838809706163,0.2414964852568678,9,1,718,0
27263.83827504152,20675.65791211848,0.0403508268596997,7,1,498,0
73212.57801995092,20554.42104386549,0.411191517994586,9,1,762,0
76938.16509643283,2760.2761873327345,0.1300806698289469,5,1,736,0
40808.16964273421,24130.381700147067,0.0224258891620551,7,1,609,0
44184.47660096024,3362.55608375028,0.3604268271414861,7,1,580,0
54287.98086087358,22227.823430391603,0.7837382510752364,3,0,622,0
55016.851849805375,22886.935957793085,0.5661806912250709,7,1,451,0
59878.16409009245,7363.234988493612,0.312777989210354,1,1,601,0
80153.06808149524,12124.299984317906,0.6543420054927197,9,1,577,0
47345.79158758926,7260.067320598449,0.2320181803088107,6,0,307,0
38025.5413319232,13495.552787978851,0.014381446072085,5,1,534,0
29310.21157978209,12843.76001069981,0.7643533864364274,7,1,601,0
39036.04940087121,20457.62372588538,0.6237430848640091,5,0,337,0
49503.09540689304,24172.161222837258,0.76230262450096,5,1,435,0
76918.36795276681,24769.786675529693,0.0389380166876656,7,0,720,0
42235.83051445743,11064.823813951883,0.8371196278306522,7,0,518,0
53356.81927458348,13535.446883788303,0.6195262000363033,3,0,647,0
49753.65655890872,3215.9326544533487,0.5633953507126401,3,0,845,1
67825.89910172127,9358.90953452668,0.6246140481145316,3,1,378,0
87903.98638810433,21753.961431682204,0.8644332468683641,6,0,572,0
42036.96840619519,26309.07976483762,0.5869365065589071,6,0,460,0
42658.40836222667,6359.557896840546,0.5809503798881793,3,0,607,0
65662.41315603608,10852.75018592974,0.9906791570657658,3,0,673,1
60228.37234439467,14815.15970128751,0.756730167068568,8,0,308,0
77700.6098860405,16961.12811173725,0.4422938054511353,8,1,743,0
58758.92277988946,9332.775360548476,0.7073970000329277,7,0,412,0
44610.61863819411,17968.427311248626,0.3892304716917885,4,1,504,0
58859.82246038464,11683.124570503587,0.228875462483499,4,1,704,0
66630.55370874362,14898.834103852048,0.5968518768877594,3,0,496,0
62307.23271796046,18823.9897360259,0.9281820981139516,5,1,414,0
57609.11046660947,15044.955888676564,0.9291395200154628,3,0,420,0
66000.1203438373,11945.29876631402,0.3419052781054903,8,0,364,0
67539.4338566851,14232.731372519183,0.527677466221695,7,0,575,0
70732.38486556291,14381.459285562652,0.2116358985698612,3,1,538,0
59730.64831384464,12409.922790825103,0.9956311094988834,9,1,601,0
47493.22879524718,13188.427561330283,0.9811179078679356,5,1,691,1
52200.70529649984,26190.53019353302,0.6495089297074473,9,1,821,1
68097.63449762535,18926.436135588672,0.8044140596774734,7,1,668,1
37745.964935191456,12931.637773795876,0.7151001612837,7,0,532,0
55530.09963309352,19878.680831575148,0.5931582190394682,6,1,494,0
44099.91781508959,12663.26357170793,0.0533479969888976,2,0,311,0
50431.17234402226,23211.87246310649,0.454764342552661,9,0,476,0
69176.77793910948,17587.49534538666,0.6747863021674105,6,0,516,0
52866.48602029855,14248.884991970395,0.6775316138836847,8,0,310,0
50696.54822234223,18134.018480671944,0.3731226184223836,1,1,745,0
29602.15788530121,4003.8669355205056,0.9416919866580306,5,1,463,0
61193.80349040831,7112.627717631363,0.167357032236781,1,0,850,0
59682.26271711613,6642.5249552066125,0.5003594462155606,8,1,352,0
82448.8208495819,16000.601663345948,0.6908839765508228,8,1,517,0
45383.32647570499,27127.604996395643,0.6971358058918092,1,1,659,1
53287.254914959085,30619.101023348427,0.6486389567688156,9,0,684,1
53740.75525566133,19466.3577100853,0.2752882134518601,2,1,355,0
73661.79919645212,18505.9113246112,0.1562065686866219,9,1,417,0
48570.56701419572,2392.5958609308277,0.6359403268267109,1,1,552,0
54185.32288655509,11201.283401861849,0.5993021161394377,9,1,479,0
59118.44764574809,9485.513736642328,0.1793560102892409,4,0,714,0
52799.13684734537,10654.066812242188,0.7051391455705633,9,0,534,0
43303.49578174208,13822.993269906472,0.4551719917336564,7,1,379,0
52911.34989347462,11695.36595612011,0.6677605916031529,6,1,321,0
66104.47624789659,1144.9013273694854,0.8373670797701507,5,0,776,1
34602.270508834095,20235.371792822734,0.1697284285769231,9,1,739,0
51994.54511220314,7490.798819821354,0.0191448679968366,2,1,392,0
39498.1877759124,16674.728048778048,0.7791025863957868,2,1,491,0
67925.69943387264,29518.57868824981,0.6096974251526159,9,1,402,0
27152.19642824338,8564.307858895037,0.6996395696221217,3,1,695,1
41616.17229092617,0.0,0.8381549749886426,8,1,306,0
55658.17812596781,12997.970446839225,0.8028109348245005,9,1,530,0
73482.86043851511,22706.71744499,0.9609201469288248,8,0,539,0
49013.74608390519,28708.43217954416,0.5359350788521182,4,0,389,0
41672.00709960202,6393.152838833083,0.4884956326599053,1,0,531,0
78217.35604160884,18476.89456265565,0.4018871998907301,4,0,756,0
28279.79149375634,11742.826802539626,0.1536910428442045,9,0,532,0
17017.910650698774,14258.36151987105,0.5726072328820224,2,0,653,1
56600.216750799984,33510.403429119244,0.2770125243259788,3,1,632,0
42469.18663471083,4479.207701233927,0.9213075122129756,8,0,738,1
34681.5077430393,16776.177630462014,0.5831908042770976,6,1,674,1
60625.3467094903,18273.852202358037,0.5928401805081102,8,0,591,0
53657.010706567984,22600.50427457543,0.35492466087701,7,1,644,0
41538.82053894908,15685.882074296267,0.0519893519777074,5,1,727,0
30795.434019936583,17156.35377652872,0.0317437653729886,9,0,429,0
63086.859924202174,12258.460028047462,0.4233351441531975,4,1,440,0
59753.01766937992,16883.888588715752,0.0845653780972378,6,1,714,0
48512.36204330926,12597.654071518124,0.6068469555401391,2,1,392,0
77699.554940715,19351.003228992355,0.8809730056396574,2,1,583,0
33948.72850510771,12412.727647694564,0.8829148165187222,2,1,522,0
27117.12243612892,17639.702757315306,0.6590454101322324,7,1,762,1
39621.378951781335,14795.160304205152,0.211231831472931,2,1,844,0
49316.209754667536,22882.351755405176,0.8629968313588721,2,0,575,0
53650.091739840376,14640.243934880596,0.8860934353132082,9,1,439,0
46381.459132155054,2588.77272255183,0.1966535849529587,7,1,656,0
55280.83094771445,23833.45050499794,0.7374260857706773,3,1,322,0
31226.90863714334,8659.873893961667,0.2865195489271229,3,0,569,0
71656.46906109889,10423.635629458262,0.8026403123529297,7,1,632,0
48767.732324111465,10830.370941695555,0.9972378999036028,5,1,384,0
66759.43747382192,24621.06665219572,0.0300260053293928,6,0,330,0
55140.88019566556,50.28050214913128,0.8973658657909319,8,1,539,0
56851.29828730676,36964.23973561995,0.622630533598658,9,1,662,1
58546.50920348306,22392.39766346236,0.9733826191648212,1,1,688,1
56715.62840025973,16562.672398904117,0.4650095175264276,3,1,598,0
59640.84139801316,14615.741995685996,0.8473879305713737,7,1,670,1
69937.28795198648,16998.878524003598,0.0623940685982772,6,1,398,0
52947.817545522055,18647.856998655367,0.3352790500782957,7,1,346,0
60635.05636382769,19516.5091016504,0.0670165377512099,8,0,721,0
48653.9645856916,18889.23126202414,0.9753431334790704,6,0,779,1
71601.75823174209,15627.064768786742,0.8169739072718367,3,1,361,0
39854.11546911096,13618.631057848715,0.8525474212459705,2,0,408,0
77014.10649366223,13941.08701442542,0.9379652314338942,7,0,848,1
49397.63074033485,13635.642037531234,0.0851034861197853,1,1,418,0
28538.37346822928,22936.39067806945,0.3855975925133333,3,0,681,0
51921.56622366184,19154.897055966037,0.0710348890440021,4,1,691,0
39784.22513787678,0.0,0.2107931015500286,1,0,351,0
62609.65323483086,19591.305435708327,0.2293657770376723,5,1,588,0
40210.640310464136,16363.153363031424,0.4691072110475787,3,1,636,0
43307.248501778304,14869.038704878718,0.2685621674536426,2,0,503,0
21656.88903581704,12280.3708283778,0.100978106817761,3,1,537,0
43215.405211263846,22868.78903990209,0.1674910890941077,8,0,681,0
13641.81010056565,21632.685234860004,0.1472755635520909,6,1,435,0
26241.45764771415,9589.856325234736,0.9730767979122984,7,1,706,1
61406.21984216446,17849.366009871745,0.7592925069184736,6,1,807,1
61787.00237976248,8198.402858210997,0.967761465269562,6,1,661,1
56381.86342677447,5342.672846477486,0.4397404865079085,3,1,680,0
35495.3578530618,10612.979427870245,0.2783684816626566,8,1,553,0
49284.3296578703,21036.75430667931,0.7982931972091867,7,1,776,1
49945.96191364148,21671.875317632606,0.3262539180411468,7,0,413,0
32624.529662111858,18591.59794068105,0.2993833737053483,6,1,319,0
72550.97452650726,20075.67050793598,0.2325059922078312,5,0,827,0
63160.43435863507,18613.24800980471,0.1296789782242353,8,1,444,0
46685.53739255504,10509.628833439336,0.2564630610167659,5,0,507,0
50403.28758491796,18023.457812717585,0.3553197484738877,9,1,830,0
53125.74211921329,20602.86667659377,0.6739942081457304,9,0,675,1
19373.97697363564,20280.03930869502,0.0625648422194515,1,0,803,0
46292.339262191046,23322.393600322503,0.2105069396653429,6,1,465,0
39770.23628003302,19958.126930407445,0.8090236402916764,7,1,849,1
34975.69985157627,17460.13745279108,0.1469219235837707,3,1,480,0
45783.49560671068,22491.05166821499,0.3426451465225215,7,0,743,0
76965.29790274284,14814.35118525658,0.8646589218581401,7,0,631,0
59612.64291900515,8826.877441405975,0.1549253111434426,2,1,802,0
41432.31515325805,13858.531252393652,0.0827368356181899,7,1,378,0
58588.74172034238,9785.681486354855,0.4845379950800108,1,0,695,0
